username,first name,last name
student1,fstudent1,sstudent1
student2,fstudent2,sstudent2
student3,fstudent3,sstudent3
student4,fstudent4,sstudent4
student5,fstudent5,sstudent5
student6,fstudent6,sstudent6
student7,fstudent7,sstudent7
student8,fstudent8,sstudent8
student9,fstudent9,sstudent9
student10,fstudent10,sstudent10
student11,fstudent11,sstudent11
student12,fstudent12,sstudent12
student13,fstudent13,sstudent13
student14,fstudent14,sstudent14
student15,fstudent15,sstudent15
student16,fstudent16,sstudent16
student17,fstudent17,sstudent17
student18,fstudent18,sstudent18
student19,fstudent19,sstudent19
student20,fstudent20,sstudent20
student21,fstudent21,sstudent21
student22,fstudent22,sstudent22
student23,fstudent23,sstudent23
student24,fstudent24,sstudent24
student25,fstudent25,sstudent25
student26,fstudent26,sstudent26
student27,fstudent27,sstudent27
student28,fstudent28,sstudent28
student29,fstudent29,sstudent29
student30,fstudent30,sstudent30
student31,fstudent31,sstudent31
student32,fstudent32,sstudent32
student33,fstudent33,sstudent33
student34,fstudent34,sstudent34
student35,fstudent35,sstudent35
student36,fstudent36,sstudent36
student37,fstudent37,sstudent37
student38,fstudent38,sstudent38
student39,fstudent39,sstudent39
student40,fstudent40,sstudent40
student41,fstudent41,sstudent41
student42,fstudent42,sstudent42
student43,fstudent43,sstudent43
student44,fstudent44,sstudent44
student45,fstudent45,sstudent45
student46,fstudent46,sstudent46
student47,fstudent47,sstudent47
student48,fstudent48,sstudent48
student49,fstudent49,sstudent49
student50,fstudent50,sstudent50
student51,fstudent51,sstudent51
student52,fstudent52,sstudent52
student53,fstudent53,sstudent53
student54,fstudent54,sstudent54
student55,fstudent55,sstudent55
student56,fstudent56,sstudent56
student57,fstudent57,sstudent57
student58,fstudent58,sstudent58
student59,fstudent59,sstudent59
student60,fstudent60,sstudent60
student61,fstudent61,sstudent61
student62,fstudent62,sstudent62
student63,fstudent63,sstudent63
student64,fstudent64,sstudent64
student65,fstudent65,sstudent65
student66,fstudent66,sstudent66
student67,fstudent67,sstudent67
student68,fstudent68,sstudent68
student69,fstudent69,sstudent69
student70,fstudent70,sstudent70
student71,fstudent71,sstudent71
student72,fstudent72,sstudent72
student73,fstudent73,sstudent73
student74,fstudent74,sstudent74
student75,fstudent75,sstudent75
student76,fstudent76,sstudent76
student77,fstudent77,sstudent77
student78,fstudent78,sstudent78
student79,fstudent79,sstudent79
student80,fstudent80,sstudent80
student81,fstudent81,sstudent81
student82,fstudent82,sstudent82
student83,fstudent83,sstudent83
student84,fstudent84,sstudent84
student85,fstudent85,sstudent85
student86,fstudent86,sstudent86
student87,fstudent87,sstudent87
student88,fstudent88,sstudent88
student89,fstudent89,sstudent89
student90,fstudent90,sstudent90
student91,fstudent91,sstudent91
student92,fstudent92,sstudent92
student93,fstudent93,sstudent93
student94,fstudent94,sstudent94
student95,fstudent95,sstudent95
student96,fstudent96,sstudent96
student97,fstudent97,sstudent97
student98,fstudent98,sstudent98
student99,fstudent99,sstudent99
student100,fstudent100,sstudent100
student101,fstudent101,sstudent101
student102,fstudent102,sstudent102
student103,fstudent103,sstudent103
student104,fstudent104,sstudent104
student105,fstudent105,sstudent105
student106,fstudent106,sstudent106
student107,fstudent107,sstudent107
student108,fstudent108,sstudent108
student109,fstudent109,sstudent109
student110,fstudent110,sstudent110
student111,fstudent111,sstudent111
student112,fstudent112,sstudent112
student113,fstudent113,sstudent113
student114,fstudent114,sstudent114
student115,fstudent115,sstudent115
student116,fstudent116,sstudent116
student117,fstudent117,sstudent117
student118,fstudent118,sstudent118
student119,fstudent119,sstudent119
student120,fstudent120,sstudent120
student121,fstudent121,sstudent121
student122,fstudent122,sstudent122
student123,fstudent123,sstudent123
student124,fstudent124,sstudent124
student125,fstudent125,sstudent125
student126,fstudent126,sstudent126
student127,fstudent127,sstudent127
student128,fstudent128,sstudent128
student129,fstudent129,sstudent129
student130,fstudent130,sstudent130
student131,fstudent131,sstudent131
student132,fstudent132,sstudent132
student133,fstudent133,sstudent133
student134,fstudent134,sstudent134
student135,fstudent135,sstudent135
student136,fstudent136,sstudent136
student137,fstudent137,sstudent137
student138,fstudent138,sstudent138
student139,fstudent139,sstudent139
student140,fstudent140,sstudent140
student141,fstudent141,sstudent141
student142,fstudent142,sstudent142
student143,fstudent143,sstudent143
student144,fstudent144,sstudent144
student145,fstudent145,sstudent145
student146,fstudent146,sstudent146
student147,fstudent147,sstudent147
student148,fstudent148,sstudent148
student149,fstudent149,sstudent149
student150,fstudent150,sstudent150
student151,fstudent151,sstudent151
student152,fstudent152,sstudent152
student153,fstudent153,sstudent153
student154,fstudent154,sstudent154
student155,fstudent155,sstudent155
student156,fstudent156,sstudent156
student157,fstudent157,sstudent157
student158,fstudent158,sstudent158
student159,fstudent159,sstudent159
student160,fstudent160,sstudent160
student161,fstudent161,sstudent161
student162,fstudent162,sstudent162
student163,fstudent163,sstudent163
student164,fstudent164,sstudent164
student165,fstudent165,sstudent165
student166,fstudent166,sstudent166
student167,fstudent167,sstudent167
student168,fstudent168,sstudent168
student169,fstudent169,sstudent169
student170,fstudent170,sstudent170
student171,fstudent171,sstudent171
student172,fstudent172,sstudent172
student173,fstudent173,sstudent173
student174,fstudent174,sstudent174
student175,fstudent175,sstudent175
student176,fstudent176,sstudent176
student177,fstudent177,sstudent177
student178,fstudent178,sstudent178
student179,fstudent179,sstudent179
student180,fstudent180,sstudent180
student181,fstudent181,sstudent181
student182,fstudent182,sstudent182
student183,fstudent183,sstudent183
student184,fstudent184,sstudent184
student185,fstudent185,sstudent185
student186,fstudent186,sstudent186
student187,fstudent187,sstudent187
student188,fstudent188,sstudent188
student189,fstudent189,sstudent189
student190,fstudent190,sstudent190
student191,fstudent191,sstudent191
student192,fstudent192,sstudent192
student193,fstudent193,sstudent193
student194,fstudent194,sstudent194
student195,fstudent195,sstudent195
student196,fstudent196,sstudent196
student197,fstudent197,sstudent197
student198,fstudent198,sstudent198
student199,fstudent199,sstudent199
student200,fstudent200,sstudent200
student201,fstudent201,sstudent201
student202,fstudent202,sstudent202
student203,fstudent203,sstudent203
student204,fstudent204,sstudent204
student205,fstudent205,sstudent205
student206,fstudent206,sstudent206
student207,fstudent207,sstudent207
student208,fstudent208,sstudent208
student209,fstudent209,sstudent209
student210,fstudent210,sstudent210
student211,fstudent211,sstudent211
student212,fstudent212,sstudent212
student213,fstudent213,sstudent213
student214,fstudent214,sstudent214
student215,fstudent215,sstudent215
student216,fstudent216,sstudent216
student217,fstudent217,sstudent217
student218,fstudent218,sstudent218
student219,fstudent219,sstudent219
student220,fstudent220,sstudent220
student221,fstudent221,sstudent221
student222,fstudent222,sstudent222
student223,fstudent223,sstudent223
student224,fstudent224,sstudent224
student225,fstudent225,sstudent225
student226,fstudent226,sstudent226
student227,fstudent227,sstudent227
student228,fstudent228,sstudent228
student229,fstudent229,sstudent229
student230,fstudent230,sstudent230
student231,fstudent231,sstudent231
student232,fstudent232,sstudent232
student233,fstudent233,sstudent233
student234,fstudent234,sstudent234
student235,fstudent235,sstudent235
student236,fstudent236,sstudent236
student237,fstudent237,sstudent237
student238,fstudent238,sstudent238
student239,fstudent239,sstudent239
student240,fstudent240,sstudent240
student241,fstudent241,sstudent241
student242,fstudent242,sstudent242
student243,fstudent243,sstudent243
student244,fstudent244,sstudent244
student245,fstudent245,sstudent245
student246,fstudent246,sstudent246
student247,fstudent247,sstudent247
student248,fstudent248,sstudent248
student249,fstudent249,sstudent249
student250,fstudent250,sstudent250
student251,fstudent251,sstudent251
student252,fstudent252,sstudent252
student253,fstudent253,sstudent253
student254,fstudent254,sstudent254
student255,fstudent255,sstudent255
student256,fstudent256,sstudent256
student257,fstudent257,sstudent257
student258,fstudent258,sstudent258
student259,fstudent259,sstudent259
student260,fstudent260,sstudent260
student261,fstudent261,sstudent261
student262,fstudent262,sstudent262
student263,fstudent263,sstudent263
student264,fstudent264,sstudent264
student265,fstudent265,sstudent265
student266,fstudent266,sstudent266
student267,fstudent267,sstudent267
student268,fstudent268,sstudent268
student269,fstudent269,sstudent269
student270,fstudent270,sstudent270
student271,fstudent271,sstudent271
student272,fstudent272,sstudent272
student273,fstudent273,sstudent273
student274,fstudent274,sstudent274
student275,fstudent275,sstudent275
student276,fstudent276,sstudent276
student277,fstudent277,sstudent277
student278,fstudent278,sstudent278
student279,fstudent279,sstudent279
student280,fstudent280,sstudent280
student281,fstudent281,sstudent281
student282,fstudent282,sstudent282
student283,fstudent283,sstudent283
student284,fstudent284,sstudent284
student285,fstudent285,sstudent285
student286,fstudent286,sstudent286
student287,fstudent287,sstudent287
student288,fstudent288,sstudent288
student289,fstudent289,sstudent289
student290,fstudent290,sstudent290
student291,fstudent291,sstudent291
student292,fstudent292,sstudent292
student293,fstudent293,sstudent293
student294,fstudent294,sstudent294
student295,fstudent295,sstudent295
student296,fstudent296,sstudent296
student297,fstudent297,sstudent297
student298,fstudent298,sstudent298
student299,fstudent299,sstudent299
student300,fstudent300,sstudent300
student301,fstudent301,sstudent301
student302,fstudent302,sstudent302
student303,fstudent303,sstudent303
student304,fstudent304,sstudent304
student305,fstudent305,sstudent305
student306,fstudent306,sstudent306
student307,fstudent307,sstudent307
student308,fstudent308,sstudent308
student309,fstudent309,sstudent309
student310,fstudent310,sstudent310
student311,fstudent311,sstudent311
student312,fstudent312,sstudent312
student313,fstudent313,sstudent313
student314,fstudent314,sstudent314
student315,fstudent315,sstudent315
student316,fstudent316,sstudent316
student317,fstudent317,sstudent317
student318,fstudent318,sstudent318
student319,fstudent319,sstudent319
student320,fstudent320,sstudent320
student321,fstudent321,sstudent321
student322,fstudent322,sstudent322
student323,fstudent323,sstudent323
student324,fstudent324,sstudent324
student325,fstudent325,sstudent325
student326,fstudent326,sstudent326
student327,fstudent327,sstudent327
student328,fstudent328,sstudent328
student329,fstudent329,sstudent329
student330,fstudent330,sstudent330
student331,fstudent331,sstudent331
student332,fstudent332,sstudent332
student333,fstudent333,sstudent333
student334,fstudent334,sstudent334
student335,fstudent335,sstudent335
student336,fstudent336,sstudent336
student337,fstudent337,sstudent337
student338,fstudent338,sstudent338
student339,fstudent339,sstudent339
student340,fstudent340,sstudent340
student341,fstudent341,sstudent341
student342,fstudent342,sstudent342
student343,fstudent343,sstudent343
student344,fstudent344,sstudent344
student345,fstudent345,sstudent345
student346,fstudent346,sstudent346
student347,fstudent347,sstudent347
student348,fstudent348,sstudent348
student349,fstudent349,sstudent349
student350,fstudent350,sstudent350
student351,fstudent351,sstudent351
student352,fstudent352,sstudent352
student353,fstudent353,sstudent353
student354,fstudent354,sstudent354
student355,fstudent355,sstudent355
student356,fstudent356,sstudent356
student357,fstudent357,sstudent357
student358,fstudent358,sstudent358
student359,fstudent359,sstudent359
student360,fstudent360,sstudent360
student361,fstudent361,sstudent361
student362,fstudent362,sstudent362
student363,fstudent363,sstudent363
student364,fstudent364,sstudent364
student365,fstudent365,sstudent365
student366,fstudent366,sstudent366
student367,fstudent367,sstudent367
student368,fstudent368,sstudent368
student369,fstudent369,sstudent369
student370,fstudent370,sstudent370
student371,fstudent371,sstudent371
student372,fstudent372,sstudent372
student373,fstudent373,sstudent373
student374,fstudent374,sstudent374
student375,fstudent375,sstudent375
student376,fstudent376,sstudent376
student377,fstudent377,sstudent377
student378,fstudent378,sstudent378
student379,fstudent379,sstudent379
student380,fstudent380,sstudent380
student381,fstudent381,sstudent381
student382,fstudent382,sstudent382
student383,fstudent383,sstudent383
student384,fstudent384,sstudent384
student385,fstudent385,sstudent385
student386,fstudent386,sstudent386
student387,fstudent387,sstudent387
student388,fstudent388,sstudent388
student389,fstudent389,sstudent389
student390,fstudent390,sstudent390
student391,fstudent391,sstudent391
student392,fstudent392,sstudent392
student393,fstudent393,sstudent393
student394,fstudent394,sstudent394
student395,fstudent395,sstudent395
student396,fstudent396,sstudent396
student397,fstudent397,sstudent397
student398,fstudent398,sstudent398
student399,fstudent399,sstudent399
student400,fstudent400,sstudent400
student401,fstudent401,sstudent401
student402,fstudent402,sstudent402
student403,fstudent403,sstudent403
student404,fstudent404,sstudent404
student405,fstudent405,sstudent405
student406,fstudent406,sstudent406
student407,fstudent407,sstudent407
student408,fstudent408,sstudent408
student409,fstudent409,sstudent409
student410,fstudent410,sstudent410
student411,fstudent411,sstudent411
student412,fstudent412,sstudent412
student413,fstudent413,sstudent413
student414,fstudent414,sstudent414
student415,fstudent415,sstudent415
student416,fstudent416,sstudent416
student417,fstudent417,sstudent417
student418,fstudent418,sstudent418
student419,fstudent419,sstudent419
student420,fstudent420,sstudent420
student421,fstudent421,sstudent421
student422,fstudent422,sstudent422
student423,fstudent423,sstudent423
student424,fstudent424,sstudent424
student425,fstudent425,sstudent425
student426,fstudent426,sstudent426
student427,fstudent427,sstudent427
student428,fstudent428,sstudent428
student429,fstudent429,sstudent429
student430,fstudent430,sstudent430
student431,fstudent431,sstudent431
student432,fstudent432,sstudent432
student433,fstudent433,sstudent433
student434,fstudent434,sstudent434
student435,fstudent435,sstudent435
student436,fstudent436,sstudent436
student437,fstudent437,sstudent437
student438,fstudent438,sstudent438
student439,fstudent439,sstudent439
student440,fstudent440,sstudent440
student441,fstudent441,sstudent441
student442,fstudent442,sstudent442
student443,fstudent443,sstudent443
student444,fstudent444,sstudent444
student445,fstudent445,sstudent445
student446,fstudent446,sstudent446
student447,fstudent447,sstudent447
student448,fstudent448,sstudent448
student449,fstudent449,sstudent449
student450,fstudent450,sstudent450
student451,fstudent451,sstudent451
student452,fstudent452,sstudent452
student453,fstudent453,sstudent453
student454,fstudent454,sstudent454
student455,fstudent455,sstudent455
student456,fstudent456,sstudent456
student457,fstudent457,sstudent457
student458,fstudent458,sstudent458
student459,fstudent459,sstudent459
student460,fstudent460,sstudent460
student461,fstudent461,sstudent461
student462,fstudent462,sstudent462
student463,fstudent463,sstudent463
student464,fstudent464,sstudent464
student465,fstudent465,sstudent465
student466,fstudent466,sstudent466
student467,fstudent467,sstudent467
student468,fstudent468,sstudent468
student469,fstudent469,sstudent469
student470,fstudent470,sstudent470
student471,fstudent471,sstudent471
student472,fstudent472,sstudent472
student473,fstudent473,sstudent473
student474,fstudent474,sstudent474
student475,fstudent475,sstudent475
student476,fstudent476,sstudent476
student477,fstudent477,sstudent477
student478,fstudent478,sstudent478
student479,fstudent479,sstudent479
student480,fstudent480,sstudent480
student481,fstudent481,sstudent481
student482,fstudent482,sstudent482
student483,fstudent483,sstudent483
student484,fstudent484,sstudent484
student485,fstudent485,sstudent485
student486,fstudent486,sstudent486
student487,fstudent487,sstudent487
student488,fstudent488,sstudent488
student489,fstudent489,sstudent489
student490,fstudent490,sstudent490
student491,fstudent491,sstudent491
student492,fstudent492,sstudent492
student493,fstudent493,sstudent493
student494,fstudent494,sstudent494
student495,fstudent495,sstudent495
student496,fstudent496,sstudent496
student497,fstudent497,sstudent497
student498,fstudent498,sstudent498
student499,fstudent499,sstudent499
student500,fstudent500,sstudent500
student501,fstudent501,sstudent501
student502,fstudent502,sstudent502
student503,fstudent503,sstudent503
student504,fstudent504,sstudent504
student505,fstudent505,sstudent505
student506,fstudent506,sstudent506
student507,fstudent507,sstudent507
student508,fstudent508,sstudent508
student509,fstudent509,sstudent509
student510,fstudent510,sstudent510
student511,fstudent511,sstudent511
student512,fstudent512,sstudent512
student513,fstudent513,sstudent513
student514,fstudent514,sstudent514
student515,fstudent515,sstudent515
student516,fstudent516,sstudent516
student517,fstudent517,sstudent517
student518,fstudent518,sstudent518
student519,fstudent519,sstudent519
student520,fstudent520,sstudent520
student521,fstudent521,sstudent521
student522,fstudent522,sstudent522
student523,fstudent523,sstudent523
student524,fstudent524,sstudent524
student525,fstudent525,sstudent525
student526,fstudent526,sstudent526
student527,fstudent527,sstudent527
student528,fstudent528,sstudent528
student529,fstudent529,sstudent529
student530,fstudent530,sstudent530
student531,fstudent531,sstudent531
student532,fstudent532,sstudent532
student533,fstudent533,sstudent533
student534,fstudent534,sstudent534
student535,fstudent535,sstudent535
student536,fstudent536,sstudent536
student537,fstudent537,sstudent537
student538,fstudent538,sstudent538
student539,fstudent539,sstudent539
student540,fstudent540,sstudent540
student541,fstudent541,sstudent541
student542,fstudent542,sstudent542
student543,fstudent543,sstudent543
student544,fstudent544,sstudent544
student545,fstudent545,sstudent545
student546,fstudent546,sstudent546
student547,fstudent547,sstudent547
student548,fstudent548,sstudent548
student549,fstudent549,sstudent549
student550,fstudent550,sstudent550
student551,fstudent551,sstudent551
student552,fstudent552,sstudent552
student553,fstudent553,sstudent553
student554,fstudent554,sstudent554
student555,fstudent555,sstudent555
student556,fstudent556,sstudent556
student557,fstudent557,sstudent557
student558,fstudent558,sstudent558
student559,fstudent559,sstudent559
student560,fstudent560,sstudent560
student561,fstudent561,sstudent561
student562,fstudent562,sstudent562
student563,fstudent563,sstudent563
student564,fstudent564,sstudent564
student565,fstudent565,sstudent565
student566,fstudent566,sstudent566
student567,fstudent567,sstudent567
student568,fstudent568,sstudent568
student569,fstudent569,sstudent569
student570,fstudent570,sstudent570
student571,fstudent571,sstudent571
student572,fstudent572,sstudent572
student573,fstudent573,sstudent573
student574,fstudent574,sstudent574
student575,fstudent575,sstudent575
student576,fstudent576,sstudent576
student577,fstudent577,sstudent577
student578,fstudent578,sstudent578
student579,fstudent579,sstudent579
student580,fstudent580,sstudent580
student581,fstudent581,sstudent581
student582,fstudent582,sstudent582
student583,fstudent583,sstudent583
student584,fstudent584,sstudent584
student585,fstudent585,sstudent585
student586,fstudent586,sstudent586
student587,fstudent587,sstudent587
student588,fstudent588,sstudent588
student589,fstudent589,sstudent589
student590,fstudent590,sstudent590
student591,fstudent591,sstudent591
student592,fstudent592,sstudent592
student593,fstudent593,sstudent593
student594,fstudent594,sstudent594
student595,fstudent595,sstudent595
student596,fstudent596,sstudent596
student597,fstudent597,sstudent597
student598,fstudent598,sstudent598
student599,fstudent599,sstudent599
student600,fstudent600,sstudent600
student601,fstudent601,sstudent601
student602,fstudent602,sstudent602
student603,fstudent603,sstudent603
student604,fstudent604,sstudent604
student605,fstudent605,sstudent605
student606,fstudent606,sstudent606
student607,fstudent607,sstudent607
student608,fstudent608,sstudent608
student609,fstudent609,sstudent609
student610,fstudent610,sstudent610
student611,fstudent611,sstudent611
student612,fstudent612,sstudent612
student613,fstudent613,sstudent613
student614,fstudent614,sstudent614
student615,fstudent615,sstudent615
student616,fstudent616,sstudent616
student617,fstudent617,sstudent617
student618,fstudent618,sstudent618
student619,fstudent619,sstudent619
student620,fstudent620,sstudent620
student621,fstudent621,sstudent621
student622,fstudent622,sstudent622
student623,fstudent623,sstudent623
student624,fstudent624,sstudent624
student625,fstudent625,sstudent625
student626,fstudent626,sstudent626
student627,fstudent627,sstudent627
student628,fstudent628,sstudent628
student629,fstudent629,sstudent629
student630,fstudent630,sstudent630
student631,fstudent631,sstudent631
student632,fstudent632,sstudent632
student633,fstudent633,sstudent633
student634,fstudent634,sstudent634
student635,fstudent635,sstudent635
student636,fstudent636,sstudent636
student637,fstudent637,sstudent637
student638,fstudent638,sstudent638
student639,fstudent639,sstudent639
student640,fstudent640,sstudent640
student641,fstudent641,sstudent641
student642,fstudent642,sstudent642
student643,fstudent643,sstudent643
student644,fstudent644,sstudent644
student645,fstudent645,sstudent645
student646,fstudent646,sstudent646
student647,fstudent647,sstudent647
student648,fstudent648,sstudent648
student649,fstudent649,sstudent649
student650,fstudent650,sstudent650
student651,fstudent651,sstudent651
student652,fstudent652,sstudent652
student653,fstudent653,sstudent653
student654,fstudent654,sstudent654
student655,fstudent655,sstudent655
student656,fstudent656,sstudent656
student657,fstudent657,sstudent657
student658,fstudent658,sstudent658
student659,fstudent659,sstudent659
student660,fstudent660,sstudent660
student661,fstudent661,sstudent661
student662,fstudent662,sstudent662
student663,fstudent663,sstudent663
student664,fstudent664,sstudent664
student665,fstudent665,sstudent665
student666,fstudent666,sstudent666
student667,fstudent667,sstudent667
student668,fstudent668,sstudent668
student669,fstudent669,sstudent669
student670,fstudent670,sstudent670
student671,fstudent671,sstudent671
student672,fstudent672,sstudent672
student673,fstudent673,sstudent673
student674,fstudent674,sstudent674
student675,fstudent675,sstudent675
student676,fstudent676,sstudent676
student677,fstudent677,sstudent677
student678,fstudent678,sstudent678
student679,fstudent679,sstudent679
student680,fstudent680,sstudent680
student681,fstudent681,sstudent681
student682,fstudent682,sstudent682
student683,fstudent683,sstudent683
student684,fstudent684,sstudent684
student685,fstudent685,sstudent685
student686,fstudent686,sstudent686
student687,fstudent687,sstudent687
student688,fstudent688,sstudent688
student689,fstudent689,sstudent689
student690,fstudent690,sstudent690
student691,fstudent691,sstudent691
student692,fstudent692,sstudent692
student693,fstudent693,sstudent693
student694,fstudent694,sstudent694
student695,fstudent695,sstudent695
student696,fstudent696,sstudent696
student697,fstudent697,sstudent697
student698,fstudent698,sstudent698
student699,fstudent699,sstudent699
student700,fstudent700,sstudent700
student701,fstudent701,sstudent701
student702,fstudent702,sstudent702
student703,fstudent703,sstudent703
student704,fstudent704,sstudent704
student705,fstudent705,sstudent705
student706,fstudent706,sstudent706
student707,fstudent707,sstudent707
student708,fstudent708,sstudent708
student709,fstudent709,sstudent709
student710,fstudent710,sstudent710
student711,fstudent711,sstudent711
student712,fstudent712,sstudent712
student713,fstudent713,sstudent713
student714,fstudent714,sstudent714
student715,fstudent715,sstudent715
student716,fstudent716,sstudent716
student717,fstudent717,sstudent717
student718,fstudent718,sstudent718
student719,fstudent719,sstudent719
student720,fstudent720,sstudent720
student721,fstudent721,sstudent721
student722,fstudent722,sstudent722
student723,fstudent723,sstudent723
student724,fstudent724,sstudent724
student725,fstudent725,sstudent725
student726,fstudent726,sstudent726
student727,fstudent727,sstudent727
student728,fstudent728,sstudent728
student729,fstudent729,sstudent729
student730,fstudent730,sstudent730
student731,fstudent731,sstudent731
student732,fstudent732,sstudent732
student733,fstudent733,sstudent733
student734,fstudent734,sstudent734
student735,fstudent735,sstudent735
student736,fstudent736,sstudent736
student737,fstudent737,sstudent737
student738,fstudent738,sstudent738
student739,fstudent739,sstudent739
student740,fstudent740,sstudent740
student741,fstudent741,sstudent741
student742,fstudent742,sstudent742
student743,fstudent743,sstudent743
student744,fstudent744,sstudent744
student745,fstudent745,sstudent745
student746,fstudent746,sstudent746
student747,fstudent747,sstudent747
student748,fstudent748,sstudent748
student749,fstudent749,sstudent749
student750,fstudent750,sstudent750
student751,fstudent751,sstudent751
student752,fstudent752,sstudent752
student753,fstudent753,sstudent753
student754,fstudent754,sstudent754
student755,fstudent755,sstudent755
student756,fstudent756,sstudent756
student757,fstudent757,sstudent757
student758,fstudent758,sstudent758
student759,fstudent759,sstudent759
student760,fstudent760,sstudent760
student761,fstudent761,sstudent761
student762,fstudent762,sstudent762
student763,fstudent763,sstudent763
student764,fstudent764,sstudent764
student765,fstudent765,sstudent765
student766,fstudent766,sstudent766
student767,fstudent767,sstudent767
student768,fstudent768,sstudent768
student769,fstudent769,sstudent769
student770,fstudent770,sstudent770
student771,fstudent771,sstudent771
student772,fstudent772,sstudent772
student773,fstudent773,sstudent773
student774,fstudent774,sstudent774
student775,fstudent775,sstudent775
student776,fstudent776,sstudent776
student777,fstudent777,sstudent777
student778,fstudent778,sstudent778
student779,fstudent779,sstudent779
student780,fstudent780,sstudent780
student781,fstudent781,sstudent781
student782,fstudent782,sstudent782
student783,fstudent783,sstudent783
student784,fstudent784,sstudent784
student785,fstudent785,sstudent785
student786,fstudent786,sstudent786
student787,fstudent787,sstudent787
student788,fstudent788,sstudent788
student789,fstudent789,sstudent789
student790,fstudent790,sstudent790
student791,fstudent791,sstudent791
student792,fstudent792,sstudent792
student793,fstudent793,sstudent793
student794,fstudent794,sstudent794
student795,fstudent795,sstudent795
student796,fstudent796,sstudent796
student797,fstudent797,sstudent797
student798,fstudent798,sstudent798
student799,fstudent799,sstudent799
student800,fstudent800,sstudent800
student801,fstudent801,sstudent801
student802,fstudent802,sstudent802
student803,fstudent803,sstudent803
student804,fstudent804,sstudent804
student805,fstudent805,sstudent805
student806,fstudent806,sstudent806
student807,fstudent807,sstudent807
student808,fstudent808,sstudent808
student809,fstudent809,sstudent809
student810,fstudent810,sstudent810
student811,fstudent811,sstudent811
student812,fstudent812,sstudent812
student813,fstudent813,sstudent813
student814,fstudent814,sstudent814
student815,fstudent815,sstudent815
student816,fstudent816,sstudent816
student817,fstudent817,sstudent817
student818,fstudent818,sstudent818
student819,fstudent819,sstudent819
student820,fstudent820,sstudent820
student821,fstudent821,sstudent821
student822,fstudent822,sstudent822
student823,fstudent823,sstudent823
student824,fstudent824,sstudent824
student825,fstudent825,sstudent825
student826,fstudent826,sstudent826
student827,fstudent827,sstudent827
student828,fstudent828,sstudent828
student829,fstudent829,sstudent829
student830,fstudent830,sstudent830
student831,fstudent831,sstudent831
student832,fstudent832,sstudent832
student833,fstudent833,sstudent833
student834,fstudent834,sstudent834
student835,fstudent835,sstudent835
student836,fstudent836,sstudent836
student837,fstudent837,sstudent837
student838,fstudent838,sstudent838
student839,fstudent839,sstudent839
student840,fstudent840,sstudent840
student841,fstudent841,sstudent841
student842,fstudent842,sstudent842
student843,fstudent843,sstudent843
student844,fstudent844,sstudent844
student845,fstudent845,sstudent845
student846,fstudent846,sstudent846
student847,fstudent847,sstudent847
student848,fstudent848,sstudent848
student849,fstudent849,sstudent849
student850,fstudent850,sstudent850
student851,fstudent851,sstudent851
student852,fstudent852,sstudent852
student853,fstudent853,sstudent853
student854,fstudent854,sstudent854
student855,fstudent855,sstudent855
student856,fstudent856,sstudent856
student857,fstudent857,sstudent857
student858,fstudent858,sstudent858
student859,fstudent859,sstudent859
student860,fstudent860,sstudent860
student861,fstudent861,sstudent861
student862,fstudent862,sstudent862
student863,fstudent863,sstudent863
student864,fstudent864,sstudent864
student865,fstudent865,sstudent865
student866,fstudent866,sstudent866
student867,fstudent867,sstudent867
student868,fstudent868,sstudent868
student869,fstudent869,sstudent869
student870,fstudent870,sstudent870
student871,fstudent871,sstudent871
student872,fstudent872,sstudent872
student873,fstudent873,sstudent873
student874,fstudent874,sstudent874
student875,fstudent875,sstudent875
student876,fstudent876,sstudent876
student877,fstudent877,sstudent877
student878,fstudent878,sstudent878
student879,fstudent879,sstudent879
student880,fstudent880,sstudent880
student881,fstudent881,sstudent881
student882,fstudent882,sstudent882
student883,fstudent883,sstudent883
student884,fstudent884,sstudent884
student885,fstudent885,sstudent885
student886,fstudent886,sstudent886
student887,fstudent887,sstudent887
student888,fstudent888,sstudent888
student889,fstudent889,sstudent889
student890,fstudent890,sstudent890
student891,fstudent891,sstudent891
student892,fstudent892,sstudent892
student893,fstudent893,sstudent893
student894,fstudent894,sstudent894
student895,fstudent895,sstudent895
student896,fstudent896,sstudent896
student897,fstudent897,sstudent897
student898,fstudent898,sstudent898
student899,fstudent899,sstudent899
student900,fstudent900,sstudent900
student901,fstudent901,sstudent901
student902,fstudent902,sstudent902
student903,fstudent903,sstudent903
student904,fstudent904,sstudent904
student905,fstudent905,sstudent905
student906,fstudent906,sstudent906
student907,fstudent907,sstudent907
student908,fstudent908,sstudent908
student909,fstudent909,sstudent909
student910,fstudent910,sstudent910
student911,fstudent911,sstudent911
student912,fstudent912,sstudent912
student913,fstudent913,sstudent913
student914,fstudent914,sstudent914
student915,fstudent915,sstudent915
student916,fstudent916,sstudent916
student917,fstudent917,sstudent917
student918,fstudent918,sstudent918
student919,fstudent919,sstudent919
student920,fstudent920,sstudent920
student921,fstudent921,sstudent921
student922,fstudent922,sstudent922
student923,fstudent923,sstudent923
student924,fstudent924,sstudent924
student925,fstudent925,sstudent925
student926,fstudent926,sstudent926
student927,fstudent927,sstudent927
student928,fstudent928,sstudent928
student929,fstudent929,sstudent929
student930,fstudent930,sstudent930
student931,fstudent931,sstudent931
student932,fstudent932,sstudent932
student933,fstudent933,sstudent933
student934,fstudent934,sstudent934
student935,fstudent935,sstudent935
student936,fstudent936,sstudent936
student937,fstudent937,sstudent937
student938,fstudent938,sstudent938
student939,fstudent939,sstudent939
student940,fstudent940,sstudent940
student941,fstudent941,sstudent941
student942,fstudent942,sstudent942
student943,fstudent943,sstudent943
student944,fstudent944,sstudent944
student945,fstudent945,sstudent945
student946,fstudent946,sstudent946
student947,fstudent947,sstudent947
student948,fstudent948,sstudent948
student949,fstudent949,sstudent949
student950,fstudent950,sstudent950
student951,fstudent951,sstudent951
student952,fstudent952,sstudent952
student953,fstudent953,sstudent953
student954,fstudent954,sstudent954
student955,fstudent955,sstudent955
student956,fstudent956,sstudent956
student957,fstudent957,sstudent957
student958,fstudent958,sstudent958
student959,fstudent959,sstudent959
student960,fstudent960,sstudent960
student961,fstudent961,sstudent961
student962,fstudent962,sstudent962
student963,fstudent963,sstudent963
student964,fstudent964,sstudent964
student965,fstudent965,sstudent965
student966,fstudent966,sstudent966
student967,fstudent967,sstudent967
student968,fstudent968,sstudent968
student969,fstudent969,sstudent969
student970,fstudent970,sstudent970
student971,fstudent971,sstudent971
student972,fstudent972,sstudent972
student973,fstudent973,sstudent973
student974,fstudent974,sstudent974
student975,fstudent975,sstudent975
student976,fstudent976,sstudent976
student977,fstudent977,sstudent977
student978,fstudent978,sstudent978
student979,fstudent979,sstudent979
student980,fstudent980,sstudent980
student981,fstudent981,sstudent981
student982,fstudent982,sstudent982
student983,fstudent983,sstudent983
student984,fstudent984,sstudent984
student985,fstudent985,sstudent985
student986,fstudent986,sstudent986
student987,fstudent987,sstudent987
student988,fstudent988,sstudent988
student989,fstudent989,sstudent989
student990,fstudent990,sstudent990
student991,fstudent991,sstudent991
student992,fstudent992,sstudent992
student993,fstudent993,sstudent993
student994,fstudent994,sstudent994
student995,fstudent995,sstudent995
student996,fstudent996,sstudent996
student997,fstudent997,sstudent997
student998,fstudent998,sstudent998
student999,fstudent999,sstudent999
student1000,fstudent1000,sstudent1000
student1001,fstudent1001,sstudent1001
student1002,fstudent1002,sstudent1002
student1003,fstudent1003,sstudent1003
student1004,fstudent1004,sstudent1004
student1005,fstudent1005,sstudent1005
student1006,fstudent1006,sstudent1006
student1007,fstudent1007,sstudent1007
student1008,fstudent1008,sstudent1008
student1009,fstudent1009,sstudent1009
student1010,fstudent1010,sstudent1010
student1011,fstudent1011,sstudent1011
student1012,fstudent1012,sstudent1012
student1013,fstudent1013,sstudent1013
student1014,fstudent1014,sstudent1014
student1015,fstudent1015,sstudent1015
student1016,fstudent1016,sstudent1016
student1017,fstudent1017,sstudent1017
student1018,fstudent1018,sstudent1018
student1019,fstudent1019,sstudent1019
student1020,fstudent1020,sstudent1020
student1021,fstudent1021,sstudent1021
student1022,fstudent1022,sstudent1022
student1023,fstudent1023,sstudent1023
student1024,fstudent1024,sstudent1024
student1025,fstudent1025,sstudent1025
student1026,fstudent1026,sstudent1026
student1027,fstudent1027,sstudent1027
student1028,fstudent1028,sstudent1028
student1029,fstudent1029,sstudent1029
student1030,fstudent1030,sstudent1030
student1031,fstudent1031,sstudent1031
student1032,fstudent1032,sstudent1032
student1033,fstudent1033,sstudent1033
student1034,fstudent1034,sstudent1034
student1035,fstudent1035,sstudent1035
student1036,fstudent1036,sstudent1036
student1037,fstudent1037,sstudent1037
student1038,fstudent1038,sstudent1038
student1039,fstudent1039,sstudent1039
student1040,fstudent1040,sstudent1040
student1041,fstudent1041,sstudent1041
student1042,fstudent1042,sstudent1042
student1043,fstudent1043,sstudent1043
student1044,fstudent1044,sstudent1044
student1045,fstudent1045,sstudent1045
student1046,fstudent1046,sstudent1046
student1047,fstudent1047,sstudent1047
student1048,fstudent1048,sstudent1048
student1049,fstudent1049,sstudent1049
student1050,fstudent1050,sstudent1050
student1051,fstudent1051,sstudent1051
student1052,fstudent1052,sstudent1052
student1053,fstudent1053,sstudent1053
student1054,fstudent1054,sstudent1054
student1055,fstudent1055,sstudent1055
student1056,fstudent1056,sstudent1056
student1057,fstudent1057,sstudent1057
